{
  "images": [
    {
      "width": 416,
      "height": 416,
      "id": 0,
      "file_name": "affe995e-0cb67c8fdd216cb4022ad97417378f16_jpg.rf.2a83c12fe688ea41520b21fa3e6159f8.jpg"
    },
    {
      "width": 416,
      "height": 416,
      "id": 1,
      "file_name": "b8a532e8-01f69142a01f2ffbb23f6eacb21c4ad4_jpg.rf.e203d5449059188679cd54fbd06761ca.jpg"
    },
    {
      "width": 416,
      "height": 416,
      "id": 2,
      "file_name": "a8b22d79-1ff1798d0f310ceea9a73bd019c310df_jpg.rf.ec064691068778b6ebe2415ce80f109b.jpg"
    },
    {
      "width": 416,
      "height": 416,
      "id": 3,
      "file_name": "757fe2fd-1ff1971455f56f4a21179a6ec37c4930_jpg.rf.e512ca3db91601edeb9e5a1e0e7a3ef0.jpg"
    },
    {
      "width": 416,
      "height": 416,
      "id": 4,
      "file_name": "392dada4-2a32e88e8506390650cc2f61147907d7_jpg.rf.a4405b57818877b48474c70e6b5a2d41.jpg"
    },
    {
      "width": 416,
      "height": 416,
      "id": 5,
      "file_name": "da0863ab-2c747d2043f734a7aed0c833d207eb84_jpg.rf.8aba4c268e1a29e651b6fdc3b969bf79.jpg"
    },
    {
      "width": 416,
      "height": 416,
      "id": 6,
      "file_name": "6e532065-3c463b94078f23ad79a5d8e60a7bd679_jpg.rf.83378ea1d2e3f9d88ddbf8227e1bc8e2.jpg"
    },
    {
      "width": 416,
      "height": 416,
      "id": 7,
      "file_name": "68fd6916-04ab66427d52255f2de6f4ec6893f16f_jpg.rf.72d1fa048c7f8188a5e1ce1a20b5cc7a.jpg"
    },
    {
      "width": 416,
      "height": 416,
      "id": 8,
      "file_name": "7bf64230-4ac19bb6994b41c5f2aa9bf5c39c3008_jpg.rf.833a09a1a98d0cbadca08f85b2f7c6bc.jpg"
    },
    {
      "width": null,
      "height": null,
      "id": 9,
      "file_name": "3b2486a2-7b2df74dc562afb63828cdaab9f9436a_jpg.rf.270cf3258790ef157cb9c3af04769da5.jpg"
    },
    {
      "width": null,
      "height": null,
      "id": 10,
      "file_name": "f3fd2863-7b083464bd47b30942ee9510c85ae7be_jpg.rf.a33af6a72904f1542dbad91c748be39b.jpg"
    },
    {
      "width": 416,
      "height": 416,
      "id": 11,
      "file_name": "037e97cc-7cc8b16757ccabb7841b76cc60e4fec0_jpg.rf.eae3417e1c550c3c0b72422830bd8506.jpg"
    },
    {
      "width": 416,
      "height": 416,
      "id": 12,
      "file_name": "f4de6b87-7d54f31af8013a09841bfde597464a47_jpg.rf.8183958351e5a1b335cc63191d9db414.jpg"
    },
    {
      "width": 416,
      "height": 416,
      "id": 13,
      "file_name": "d7344cac-8d4e805dd2a8981d4f2907cb81828aca_jpg.rf.71babc27692e513531dd2863114979a7.jpg"
    },
    {
      "width": 416,
      "height": 416,
      "id": 14,
      "file_name": "dabcd390-8f2d69867fdd3f923c492be23f7c33c9_jpg.rf.28efe057c7dd13d278d80d00bfeb4e53.jpg"
    },
    {
      "width": 416,
      "height": 416,
      "id": 15,
      "file_name": "f7726425-09c03edcbdb9a747ab43bc387f60d506_jpg.rf.840b4080f50f51d45ce742604e21f884.jpg"
    },
    {
      "width": 416,
      "height": 416,
      "id": 16,
      "file_name": "58113305-53f967dd6c668a60840b51f8850c7c39_jpg.rf.afca506c96ea4f9fd15ec696324e7a4b.jpg"
    },
    {
      "width": 416,
      "height": 416,
      "id": 17,
      "file_name": "a3e453c8-60f89745d2db3e8c8f4d333721895449_jpg.rf.92ce54cbd8e82d625a4f8839d1ec25b0.jpg"
    },
    {
      "width": 416,
      "height": 416,
      "id": 18,
      "file_name": "970cd98f-89ce6817b1f9e658795ec7e5d418b10c_jpg.rf.dc89e6ac1c2cf4e0f14082e1169b0122.jpg"
    },
    {
      "width": 416,
      "height": 416,
      "id": 19,
      "file_name": "4b638ae3-115fad81d34c167b73ea14a6c3dfa8ad_jpg.rf.3621c98b9f31a9d867ce83df15f0db07.jpg"
    },
    {
      "width": 416,
      "height": 416,
      "id": 20,
      "file_name": "d916769a-480c078d8590a5410bf154f874cec46e_jpg.rf.cc4e9462a7c4204d33efeb19f6f58d91.jpg"
    },
    {
      "width": 416,
      "height": 416,
      "id": 21,
      "file_name": "a50cab10-1001ca9b142a864dcc487d9b290554e6_jpg.rf.1a97b1cdba1dbef6bc222b882cc86a7d.jpg"
    },
    {
      "width": 416,
      "height": 416,
      "id": 22,
      "file_name": "743b50df-3340eef22e325e54f201881052d27ea6_jpg.rf.fe19b0ed91b3afeabc776fa7f0d25b9b.jpg"
    },
    {
      "width": 416,
      "height": 416,
      "id": 23,
      "file_name": "8768619f-4993fa8123e3df1fb27c1de7dfdaf4bd_jpg.rf.8dc4e8b5ace963cfee39a4ba68eb8751.jpg"
    },
    {
      "width": 416,
      "height": 416,
      "id": 24,
      "file_name": "551a6400-8177f709a1d6edb15a13c6d2d9feac20_jpg.rf.fb0b23f1cf9c17b89ed7ccc32d619712.jpg"
    },
    {
      "width": 416,
      "height": 416,
      "id": 25,
      "file_name": "ea59b49f-19293e91ad0c7de034a94569f79bc98a_jpg.rf.c930609ce5bd38c94909cde669cd3fb1.jpg"
    },
    {
      "width": 416,
      "height": 416,
      "id": 26,
      "file_name": "341006be-40551fb146defb4a21ceaae8db5880b0_jpg.rf.a243f00527be3e2321ff59c27b198858.jpg"
    },
    {
      "width": 416,
      "height": 416,
      "id": 27,
      "file_name": "4560aa88-58830f68405fbaa45f4e3b16af3185e9_jpg.rf.dc51a156125ea2c7729337dfb6d34022.jpg"
    },
    {
      "width": 416,
      "height": 416,
      "id": 28,
      "file_name": "e40d76e5-6758826ef2cf9e82dac6db3b8148e021_jpg.rf.51951740c128ccb44ad325a59873a60e.jpg"
    },
    {
      "width": 416,
      "height": 416,
      "id": 29,
      "file_name": "cfc63fc9-39798065b747852ec37aa7c47a6103f8_jpg.rf.63b78f5fd9fc1cc57fb1c60e1293cb12.jpg"
    },
    {
      "width": 416,
      "height": 416,
      "id": 30,
      "file_name": "8c8ced58-20250807_100605.png"
    },
    {
      "width": 416,
      "height": 416,
      "id": 31,
      "file_name": "a7d843c6-20250807_101019.png"
    },
    {
      "width": 416,
      "height": 416,
      "id": 32,
      "file_name": "e9d9f611-20250807_101124.png"
    },
    {
      "width": 416,
      "height": 416,
      "id": 33,
      "file_name": "165f26e1-20250811_173414.png"
    },
    {
      "width": 416,
      "height": 416,
      "id": 34,
      "file_name": "365f2014-20250811_173953.png"
    },
    {
      "width": 416,
      "height": 416,
      "id": 35,
      "file_name": "7a42b83d-20250811_174808.png"
    },
    {
      "width": 416,
      "height": 416,
      "id": 36,
      "file_name": "4883e573-20250811_181621.png"
    },
    {
      "width": 416,
      "height": 416,
      "id": 37,
      "file_name": "31f5a7f0-20250811_181943.png"
    },
    {
      "width": 416,
      "height": 416,
      "id": 38,
      "file_name": "775b8780-20250811_182312.png"
    },
    {
      "width": 416,
      "height": 416,
      "id": 39,
      "file_name": "f64fcc9a-20250811_185123.png"
    },
    {
      "width": 416,
      "height": 416,
      "id": 40,
      "file_name": "49671335-20250811_190834.png"
    }
  ],
  "categories": [
    {
      "id": 0,
      "name": "burnout"
    },
    {
      "id": 1,
      "name": "crack"
    }
  ],
  "annotations": [
    {
      "id": 0,
      "image_id": 0,
      "category_id": 1,
      "segmentation": [],
      "bbox": [
        25.698841698841697,
        82.45045045045045,
        41.22522522522523,
        56.75160875160875
      ],
      "ignore": 0,
      "iscrowd": 0,
      "area": 2339.597852678934
    },
    {
      "id": 1,
      "image_id": 0,
      "category_id": 1,
      "segmentation": [],
      "bbox": [
        77.63191763191764,
        117.7863577863578,
        123.14028314028312,
        38.012870012869996
      ],
      "ignore": 0,
      "iscrowd": 0,
      "area": 4680.915576359589
    },
    {
      "id": 2,
      "image_id": 0,
      "category_id": 1,
      "segmentation": [],
      "bbox": [
        50.32689832689832,
        184.71042471042472,
        79.77348777348777,
        91.55212355212356
      ],
      "ignore": 0,
      "iscrowd": 0,
      "area": 7303.432208822171
    },
    {
      "id": 3,
      "image_id": 0,
      "category_id": 1,
      "segmentation": [],
      "bbox": [
        54.6100386100386,
        284.8288288288288,
        321.7709137709138,
        80.30888030888029
      ],
      "ignore": 0,
      "iscrowd": 0,
      "area": 25841.06180090736
    },
    {
      "id": 4,
      "image_id": 0,
      "category_id": 1,
      "segmentation": [],
      "bbox": [
        149.9099099099099,
        197.55984555984557,
        153.12226512226508,
        82.98584298584298
      ],
      "ignore": 0,
      "iscrowd": 0,
      "area": 12706.98025107291
    },
    {
      "id": 5,
      "image_id": 0,
      "category_id": 1,
      "segmentation": [],
      "bbox": [
        347.46975546975546,
        124.21106821106821,
        35.87129987129988,
        78.7027027027027
      ],
      "ignore": 0,
      "iscrowd": 0,
      "area": 2823.168249330412
    },
    {
      "id": 6,
      "image_id": 0,
      "category_id": 1,
      "segmentation": [],
      "bbox": [
        361.92535392535393,
        37.47747747747748,
        28.911196911196935,
        45.50836550836551
      ],
      "ignore": 0,
      "iscrowd": 0,
      "area": 1315.701316319078
    },
    {
      "id": 7,
      "image_id": 0,
      "category_id": 1,
      "segmentation": [],
      "bbox": [
        29.98198198198198,
        40.15444015444015,
        62.105534105534105,
        33.72972972972974
      ],
      "ignore": 0,
      "iscrowd": 0,
      "area": 2094.802880100178
    },
    {
      "id": 8,
      "image_id": 0,
      "category_id": 1,
      "segmentation": [],
      "bbox": [
        208.26769626769624,
        162.75933075933074,
        50.86229086229089,
        23.557271557271573
      ],
      "ignore": 0,
      "iscrowd": 0,
      "area": 1198.176797867919
    },
    {
      "id": 9,
      "image_id": 1,
      "category_id": 1,
      "segmentation": [],
      "bbox": [
        22.486486486486488,
        28.91119691119691,
        44.43758043758044,
        31.58815958815959
      ],
      "ignore": 0,
      "iscrowd": 0,
      "area": 1403.7013825739698
    },
    {
      "id": 10,
      "image_id": 1,
      "category_id": 1,
      "segmentation": [],
      "bbox": [
        29.44658944658945,
        19.274131274131275,
        33.194337194337194,
        11.243243243243246
      ],
      "ignore": 0,
      "iscrowd": 0,
      "area": 373.2120073741696
    },
    {
      "id": 11,
      "image_id": 1,
      "category_id": 1,
      "segmentation": [],
      "bbox": [
        206.1261261261261,
        20.344916344916342,
        191.13513513513516,
        43.36679536679536
      ],
      "ignore": 0,
      "iscrowd": 0,
      "area": 8288.918292810184
    },
    {
      "id": 12,
      "image_id": 1,
      "category_id": 1,
      "segmentation": [],
      "bbox": [
        382.2702702702703,
        68.53024453024453,
        12.314028314028246,
        26.234234234234226
      ],
      "ignore": 0,
      "iscrowd": 0,
      "area": 323.04910315720934
    },
    {
      "id": 13,
      "image_id": 1,
      "category_id": 1,
      "segmentation": [],
      "bbox": [
        32.65894465894466,
        66.38867438867437,
        53.003861003861005,
        195.4182754182754
      ],
      "ignore": 0,
      "iscrowd": 0,
      "area": 10357.923107884497
    },
    {
      "id": 14,
      "image_id": 1,
      "category_id": 1,
      "segmentation": [],
      "bbox": [
        88.33976833976833,
        145.0913770913771,
        303.0321750321751,
        124.74646074646076
      ],
      "ignore": 0,
      "iscrowd": 0,
      "area": 37802.19132756585
    },
    {
      "id": 15,
      "image_id": 1,
      "category_id": 1,
      "segmentation": [],
      "bbox": [
        89.94594594594595,
        75.49034749034749,
        95.2998712998713,
        39.61904761904762
      ],
      "ignore": 0,
      "iscrowd": 0,
      "area": 3775.6901391187107
    },
    {
      "id": 16,
      "image_id": 1,
      "category_id": 1,
      "segmentation": [],
      "bbox": [
        20.344916344916342,
        271.44401544401546,
        65.31788931788932,
        108.68468468468467
      ],
      "ignore": 0,
      "iscrowd": 0,
      "area": 7099.054204783934
    },
    {
      "id": 17,
      "image_id": 1,
      "category_id": 1,
      "segmentation": [],
      "bbox": [
        111.36164736164736,
        315.3462033462033,
        276.26254826254825,
        64.78249678249682
      ],
      "ignore": 0,
      "iscrowd": 0,
      "area": 17896.977643942904
    },
    {
      "id": 18,
      "image_id": 1,
      "category_id": 1,
      "segmentation": [],
      "bbox": [
        311.5984555984556,
        277.86872586872585,
        59.42857142857145,
        32.65894465894471
      ],
      "ignore": 0,
      "iscrowd": 0,
      "area": 1940.874425445858
    },
    {
      "id": 19,
      "image_id": 2,
      "category_id": 0,
      "segmentation": [],
      "bbox": [
        275.19176319176324,
        49.791505791505784,
        64.24710424710428,
        12.849420849420847
      ],
      "ignore": 0,
      "iscrowd": 0,
      "area": 825.5380808276564
    },
    {
      "id": 20,
      "image_id": 3,
      "category_id": 1,
      "segmentation": [],
      "bbox": [
        95.83526383526383,
        328.1956241956242,
        28.375804375804375,
        29.446589446589424
      ],
      "ignore": 0,
      "iscrowd": 0,
      "area": 835.5706616710471
    },
    {
      "id": 21,
      "image_id": 4,
      "category_id": 1,
      "segmentation": [],
      "bbox": [
        144.59259259259258,
        164.14814814814818,
        95.99999999999999,
        82.37037037037032
      ],
      "ignore": 0,
      "iscrowd": 0,
      "area": 7907.55555555555
    },
    {
      "id": 22,
      "image_id": 5,
      "category_id": 1,
      "segmentation": [],
      "bbox": [
        40.88888888888889,
        133.33333333333334,
        84.74074074074075,
        131.55555555555554
      ],
      "ignore": 0,
      "iscrowd": 0,
      "area": 11148.115226337448
    },
    {
      "id": 23,
      "image_id": 5,
      "category_id": 1,
      "segmentation": [],
      "bbox": [
        290.962962962963,
        106.66666666666666,
        93.62962962962962,
        88.29629629629632
      ],
      "ignore": 0,
      "iscrowd": 0,
      "area": 8267.149519890261
    },
    {
      "id": 24,
      "image_id": 5,
      "category_id": 1,
      "segmentation": [],
      "bbox": [
        181.92592592592592,
        49.18518518518518,
        61.62962962962967,
        37.33333333333334
      ],
      "ignore": 0,
      "iscrowd": 0,
      "area": 2300.8395061728415
    },
    {
      "id": 25,
      "image_id": 5,
      "category_id": 1,
      "segmentation": [],
      "bbox": [
        27.85185185185185,
        299.2592592592593,
        40.2962962962963,
        59.25925925925927
      ],
      "ignore": 0,
      "iscrowd": 0,
      "area": 2387.928669410151
    },
    {
      "id": 26,
      "image_id": 5,
      "category_id": 1,
      "segmentation": [],
      "bbox": [
        77.03703703703704,
        301.6296296296297,
        68.14814814814815,
        55.11111111111106
      ],
      "ignore": 0,
      "iscrowd": 0,
      "area": 3755.7201646090502
    },
    {
      "id": 27,
      "image_id": 5,
      "category_id": 1,
      "segmentation": [],
      "bbox": [
        160.59259259259258,
        277.9259259259259,
        224.0,
        73.4814814814815
      ],
      "ignore": 0,
      "iscrowd": 0,
      "area": 16459.851851851854
    },
    {
      "id": 28,
      "image_id": 6,
      "category_id": 1,
      "segmentation": [],
      "bbox": [
        16.59259259259259,
        20.148148148148145,
        48.59259259259259,
        32.592592592592595
      ],
      "ignore": 0,
      "iscrowd": 0,
      "area": 1583.758573388203
    },
    {
      "id": 29,
      "image_id": 6,
      "category_id": 1,
      "segmentation": [],
      "bbox": [
        180.14814814814815,
        20.740740740740744,
        218.66666666666669,
        72.29629629629628
      ],
      "ignore": 0,
      "iscrowd": 0,
      "area": 15808.790123456787
    },
    {
      "id": 30,
      "image_id": 6,
      "category_id": 1,
      "segmentation": [],
      "bbox": [
        81.77777777777779,
        133.92592592592592,
        259.5555555555555,
        121.48148148148148
      ],
      "ignore": 0,
      "iscrowd": 0,
      "area": 31531.193415637852
    },
    {
      "id": 31,
      "image_id": 6,
      "category_id": 1,
      "segmentation": [],
      "bbox": [
        39.7037037037037,
        99.55555555555554,
        26.66666666666666,
        145.7777777777778
      ],
      "ignore": 0,
      "iscrowd": 0,
      "area": 3887.407407407407
    },
    {
      "id": 32,
      "image_id": 6,
      "category_id": 1,
      "segmentation": [],
      "bbox": [
        91.25925925925924,
        86.51851851851852,
        81.18518518518518,
        18.962962962962976
      ],
      "ignore": 0,
      "iscrowd": 0,
      "area": 1539.511659807957
    },
    {
      "id": 33,
      "image_id": 6,
      "category_id": 1,
      "segmentation": [],
      "bbox": [
        336.5925925925926,
        113.18518518518518,
        45.03703703703704,
        35.55555555555557
      ],
      "ignore": 0,
      "iscrowd": 0,
      "area": 1601.3168724279842
    },
    {
      "id": 34,
      "image_id": 6,
      "category_id": 1,
      "segmentation": [],
      "bbox": [
        344.88888888888897,
        238.8148148148148,
        42.666666666666636,
        85.3333333333333
      ],
      "ignore": 0,
      "iscrowd": 0,
      "area": 3640.888888888885
    },
    {
      "id": 35,
      "image_id": 6,
      "category_id": 1,
      "segmentation": [],
      "bbox": [
        17.185185185185183,
        260.7407407407407,
        80.0,
        109.03703703703704
      ],
      "ignore": 0,
      "iscrowd": 0,
      "area": 8722.962962962964
    },
    {
      "id": 36,
      "image_id": 6,
      "category_id": 1,
      "segmentation": [],
      "bbox": [
        113.18518518518503,
        333.03703703703684,
        273.7777777777776,
        36.740740740740804
      ],
      "ignore": 0,
      "iscrowd": 0,
      "area": 10058.798353909477
    },
    {
      "id": 37,
      "image_id": 6,
      "category_id": 1,
      "segmentation": [],
      "bbox": [
        314.0740740740741,
        262.5185185185185,
        26.074074074073714,
        52.14814814814804
      ],
      "ignore": 0,
      "iscrowd": 0,
      "area": 1359.7146776405818
    },
    {
      "id": 38,
      "image_id": 7,
      "category_id": 1,
      "segmentation": [],
      "bbox": [
        362.6666666666666,
        45.03703703703704,
        34.962962962963005,
        40.29629629629629
      ],
      "ignore": 0,
      "iscrowd": 0,
      "area": 1408.8779149519905
    },
    {
      "id": 39,
      "image_id": 8,
      "category_id": 1,
      "segmentation": [],
      "bbox": [
        173.62962962962965,
        49.18518518518518,
        199.70370370370375,
        177.1851851851852
      ],
      "ignore": 0,
      "iscrowd": 0,
      "area": 35384.537722908106
    },
    {
      "id": 40,
      "image_id": 11,
      "category_id": 1,
      "segmentation": [],
      "bbox": [
        42.66666666666666,
        229.92592592592592,
        346.66666666666674,
        67.55555555555554
      ],
      "ignore": 0,
      "iscrowd": 0,
      "area": 23419.25925925926
    },
    {
      "id": 41,
      "image_id": 11,
      "category_id": 1,
      "segmentation": [],
      "bbox": [
        126.81481481481482,
        335.40740740740745,
        189.037037037037,
        21.333333333333318
      ],
      "ignore": 0,
      "iscrowd": 0,
      "area": 4032.7901234567867
    },
    {
      "id": 42,
      "image_id": 11,
      "category_id": 1,
      "segmentation": [],
      "bbox": [
        376.8888888888889,
        303.4074074074074,
        15.999999999999973,
        50.962962962962976
      ],
      "ignore": 0,
      "iscrowd": 0,
      "area": 815.4074074074063
    },
    {
      "id": 43,
      "image_id": 12,
      "category_id": 1,
      "segmentation": [],
      "bbox": [
        110.22222222222223,
        93.62962962962963,
        64.59259259259257,
        35.555555555555564
      ],
      "ignore": 0,
      "iscrowd": 0,
      "area": 2296.6255144032916
    },
    {
      "id": 44,
      "image_id": 12,
      "category_id": 1,
      "segmentation": [],
      "bbox": [
        182.5185185185185,
        92.44444444444443,
        30.814814814814802,
        35.555555555555564
      ],
      "ignore": 0,
      "iscrowd": 0,
      "area": 1095.6378600823043
    },
    {
      "id": 45,
      "image_id": 12,
      "category_id": 1,
      "segmentation": [],
      "bbox": [
        171.85185185185185,
        135.1111111111111,
        47.99999999999998,
        34.370370370370374
      ],
      "ignore": 0,
      "iscrowd": 0,
      "area": 1649.7777777777771
    },
    {
      "id": 46,
      "image_id": 12,
      "category_id": 1,
      "segmentation": [],
      "bbox": [
        281.4814814814815,
        189.62962962962965,
        79.99999999999999,
        98.37037037037037
      ],
      "ignore": 0,
      "iscrowd": 0,
      "area": 7869.629629629628
    },
    {
      "id": 47,
      "image_id": 12,
      "category_id": 1,
      "segmentation": [],
      "bbox": [
        231.11111111111114,
        300.4444444444444,
        115.55555555555559,
        56.88888888888892
      ],
      "ignore": 0,
      "iscrowd": 0,
      "area": 6573.827160493833
    },
    {
      "id": 48,
      "image_id": 13,
      "category_id": 1,
      "segmentation": [],
      "bbox": [
        215.11111111111114,
        122.66666666666669,
        99.5555555555556,
        76.44444444444447
      ],
      "ignore": 0,
      "iscrowd": 0,
      "area": 7610.469135802475
    },
    {
      "id": 49,
      "image_id": 13,
      "category_id": 1,
      "segmentation": [],
      "bbox": [
        237.62962962962968,
        49.77777777777777,
        141.6296296296296,
        73.48148148148147
      ],
      "ignore": 0,
      "iscrowd": 0,
      "area": 10407.155006858706
    },
    {
      "id": 50,
      "image_id": 13,
      "category_id": 1,
      "segmentation": [],
      "bbox": [
        315.85185185185185,
        125.62962962962963,
        61.03703703703706,
        98.37037037037037
      ],
      "ignore": 0,
      "iscrowd": 0,
      "area": 6004.235939643349
    },
    {
      "id": 51,
      "image_id": 13,
      "category_id": 1,
      "segmentation": [],
      "bbox": [
        266.0740740740741,
        11.25925925925926,
        118.5185185185185,
        37.925925925925924
      ],
      "ignore": 0,
      "iscrowd": 0,
      "area": 4494.924554183813
    },
    {
      "id": 52,
      "image_id": 14,
      "category_id": 1,
      "segmentation": [],
      "bbox": [
        152.8888888888889,
        231.7037037037037,
        79.99999999999999,
        55.11111111111115
      ],
      "ignore": 0,
      "iscrowd": 0,
      "area": 4408.888888888891
    },
    {
      "id": 53,
      "image_id": 15,
      "category_id": 1,
      "segmentation": [],
      "bbox": [
        120.8888888888889,
        260.7407407407407,
        114.96296296296292,
        48.59259259259264
      ],
      "ignore": 0,
      "iscrowd": 0,
      "area": 5586.348422496574
    },
    {
      "id": 54,
      "image_id": 15,
      "category_id": 1,
      "segmentation": [],
      "bbox": [
        78.81481481481481,
        303.99999999999994,
        173.62962962962965,
        41.481481481481495
      ],
      "ignore": 0,
      "iscrowd": 0,
      "area": 7202.414266117973
    },
    {
      "id": 55,
      "image_id": 15,
      "category_id": 1,
      "segmentation": [],
      "bbox": [
        85.92592592592592,
        142.8148148148148,
        62.22222222222221,
        43.85185185185186
      ],
      "ignore": 0,
      "iscrowd": 0,
      "area": 2728.559670781893
    },
    {
      "id": 56,
      "image_id": 15,
      "category_id": 1,
      "segmentation": [],
      "bbox": [
        83.55555555555554,
        191.40740740740742,
        65.77777777777779,
        75.85185185185188
      ],
      "ignore": 0,
      "iscrowd": 0,
      "area": 4989.366255144035
    },
    {
      "id": 57,
      "image_id": 15,
      "category_id": 1,
      "segmentation": [],
      "bbox": [
        151.7037037037037,
        90.66666666666669,
        184.2962962962962,
        98.96296296296306
      ],
      "ignore": 0,
      "iscrowd": 0,
      "area": 18238.507544581626
    },
    {
      "id": 58,
      "image_id": 16,
      "category_id": 1,
      "segmentation": [],
      "bbox": [
        208.59259259259258,
        206.22222222222223,
        52.74074074074072,
        20.148148148148145
      ],
      "ignore": 0,
      "iscrowd": 0,
      "area": 1062.6282578875166
    },
    {
      "id": 59,
      "image_id": 17,
      "category_id": 1,
      "segmentation": [],
      "bbox": [
        31.40740740740741,
        16.59259259259259,
        95.4074074074074,
        18.96296296296297
      ],
      "ignore": 0,
      "iscrowd": 0,
      "area": 1809.2071330589854
    },
    {
      "id": 60,
      "image_id": 17,
      "category_id": 1,
      "segmentation": [],
      "bbox": [
        87.70370370370371,
        110.22222222222223,
        140.44444444444446,
        156.44444444444443
      ],
      "ignore": 0,
      "iscrowd": 0,
      "area": 21971.753086419754
    },
    {
      "id": 61,
      "image_id": 18,
      "category_id": 1,
      "segmentation": [],
      "bbox": [
        91.25925925925924,
        211.55555555555554,
        282.0740740740741,
        58.666666666666686
      ],
      "ignore": 0,
      "iscrowd": 0,
      "area": 16548.345679012353
    },
    {
      "id": 62,
      "image_id": 18,
      "category_id": 1,
      "segmentation": [],
      "bbox": [
        123.25925925925925,
        333.037037037037,
        201.4814814814815,
        18.962962962962976
      ],
      "ignore": 0,
      "iscrowd": 0,
      "area": 3820.685871056244
    },
    {
      "id": 63,
      "image_id": 18,
      "category_id": 1,
      "segmentation": [],
      "bbox": [
        364.44444444444446,
        292.7407407407407,
        23.703703703703777,
        56.296296296296326
      ],
      "ignore": 0,
      "iscrowd": 0,
      "area": 1334.4307270233244
    },
    {
      "id": 64,
      "image_id": 19,
      "category_id": 1,
      "segmentation": [],
      "bbox": [
        241.7777777777778,
        84.14814814814815,
        60.44444444444441,
        14.814814814814817
      ],
      "ignore": 0,
      "iscrowd": 0,
      "area": 895.4732510288061
    },
    {
      "id": 65,
      "image_id": 20,
      "category_id": 1,
      "segmentation": [],
      "bbox": [
        227.55555555555557,
        288.5925925925926,
        85.33333333333331,
        36.148148148148145
      ],
      "ignore": 0,
      "iscrowd": 0,
      "area": 3084.641975308641
    },
    {
      "id": 66,
      "image_id": 20,
      "category_id": 1,
      "segmentation": [],
      "bbox": [
        172.44444444444449,
        335.99999999999994,
        73.48148148148157,
        18.37037037037027
      ],
      "ignore": 0,
      "iscrowd": 0,
      "area": 1349.8820301783207
    },
    {
      "id": 67,
      "image_id": 20,
      "category_id": 1,
      "segmentation": [],
      "bbox": [
        210.37037037037035,
        212.14814814814815,
        103.70370370370367,
        73.4814814814815
      ],
      "ignore": 0,
      "iscrowd": 0,
      "area": 7620.301783264745
    },
    {
      "id": 68,
      "image_id": 20,
      "category_id": 1,
      "segmentation": [],
      "bbox": [
        77.62962962962962,
        200.29629629629628,
        131.55555555555554,
        75.25925925925927
      ],
      "ignore": 0,
      "iscrowd": 0,
      "area": 9900.77366255144
    },
    {
      "id": 69,
      "image_id": 20,
      "category_id": 1,
      "segmentation": [],
      "bbox": [
        78.22222222222223,
        144.59259259259258,
        238.8148148148148,
        53.33333333333335
      ],
      "ignore": 0,
      "iscrowd": 0,
      "area": 12736.790123456794
    },
    {
      "id": 70,
      "image_id": 20,
      "category_id": 1,
      "segmentation": [],
      "bbox": [
        75.85185185185185,
        82.37037037037037,
        66.96296296296296,
        61.629629629629626
      ],
      "ignore": 0,
      "iscrowd": 0,
      "area": 4126.902606310014
    },
    {
      "id": 71,
      "image_id": 20,
      "category_id": 1,
      "segmentation": [],
      "bbox": [
        144.59259259259258,
        84.74074074074075,
        73.48148148148147,
        59.25925925925925
      ],
      "ignore": 0,
      "iscrowd": 0,
      "area": 4354.4581618655675
    },
    {
      "id": 72,
      "image_id": 20,
      "category_id": 1,
      "segmentation": [],
      "bbox": [
        220.44444444444446,
        84.74074074074075,
        99.55555555555559,
        58.074074074074076
      ],
      "ignore": 0,
      "iscrowd": 0,
      "area": 5781.596707818932
    },
    {
      "id": 73,
      "image_id": 21,
      "category_id": 1,
      "segmentation": [],
      "bbox": [
        165.33333333333331,
        242.37037037037035,
        101.92592592592592,
        46.81481481481484
      ],
      "ignore": 0,
      "iscrowd": 0,
      "area": 4771.643347050756
    },
    {
      "id": 74,
      "image_id": 22,
      "category_id": 1,
      "segmentation": [],
      "bbox": [
        232.8888888888889,
        208.59259259259258,
        36.148148148148124,
        47.40740740740741
      ],
      "ignore": 0,
      "iscrowd": 0,
      "area": 1713.6899862825778
    },
    {
      "id": 75,
      "image_id": 22,
      "category_id": 1,
      "segmentation": [],
      "bbox": [
        265.4814814814816,
        225.77777777777763,
        70.51851851851843,
        94.22222222222219
      ],
      "ignore": 0,
      "iscrowd": 0,
      "area": 6644.411522633734
    },
    {
      "id": 76,
      "image_id": 22,
      "category_id": 1,
      "segmentation": [],
      "bbox": [
        344.2962962962963,
        224.59259259259258,
        41.481481481481495,
        57.481481481481495
      ],
      "ignore": 0,
      "iscrowd": 0,
      "area": 2384.4170096021962
    },
    {
      "id": 77,
      "image_id": 22,
      "category_id": 1,
      "segmentation": [],
      "bbox": [
        325.9259259259259,
        166.5185185185185,
        42.07407407407403,
        56.88888888888892
      ],
      "ignore": 0,
      "iscrowd": 0,
      "area": 2393.5473251028798
    },
    {
      "id": 78,
      "image_id": 22,
      "category_id": 1,
      "segmentation": [],
      "bbox": [
        219.85185185185182,
        148.74074074074076,
        98.96296296296296,
        52.74074074074072
      ],
      "ignore": 0,
      "iscrowd": 0,
      "area": 5219.379972565155
    },
    {
      "id": 79,
      "image_id": 22,
      "category_id": 1,
      "segmentation": [],
      "bbox": [
        177.77777777777777,
        205.03703703703704,
        40.29629629629629,
        33.77777777777777
      ],
      "ignore": 0,
      "iscrowd": 0,
      "area": 1361.1193415637856
    },
    {
      "id": 80,
      "image_id": 22,
      "category_id": 1,
      "segmentation": [],
      "bbox": [
        81.77777777777779,
        187.85185185185185,
        126.81481481481482,
        23.703703703703685
      ],
      "ignore": 0,
      "iscrowd": 0,
      "area": 3005.9807956104232
    },
    {
      "id": 81,
      "image_id": 22,
      "category_id": 1,
      "segmentation": [],
      "bbox": [
        31.40740740740741,
        198.5185185185185,
        72.29629629629632,
        46.222222222222236
      ],
      "ignore": 0,
      "iscrowd": 0,
      "area": 3341.6954732510308
    },
    {
      "id": 82,
      "image_id": 22,
      "category_id": 1,
      "segmentation": [],
      "bbox": [
        317.03703703703707,
        59.25925925925926,
        69.3333333333333,
        101.33333333333331
      ],
      "ignore": 0,
      "iscrowd": 0,
      "area": 7025.777777777773
    },
    {
      "id": 83,
      "image_id": 22,
      "category_id": 1,
      "segmentation": [],
      "bbox": [
        31.40740740740741,
        58.07407407407407,
        183.1111111111111,
        123.85185185185185
      ],
      "ignore": 0,
      "iscrowd": 0,
      "area": 22678.650205761314
    },
    {
      "id": 84,
      "image_id": 22,
      "category_id": 1,
      "segmentation": [],
      "bbox": [
        217.48148148148147,
        59.851851851851855,
        98.37037037037038,
        87.11111111111111
      ],
      "ignore": 0,
      "iscrowd": 0,
      "area": 8569.152263374486
    },
    {
      "id": 85,
      "image_id": 23,
      "category_id": 1,
      "segmentation": [],
      "bbox": [
        20.740740740740744,
        309.33333333333337,
        101.92592592592592,
        59.25925925925921
      ],
      "ignore": 0,
      "iscrowd": 0,
      "area": 6040.054869684494
    },
    {
      "id": 86,
      "image_id": 24,
      "category_id": 1,
      "segmentation": [],
      "bbox": [
        354.962962962963,
        270.81481481481484,
        37.33333333333335,
        98.37037037037042
      ],
      "ignore": 0,
      "iscrowd": 0,
      "area": 3672.4938271604974
    },
    {
      "id": 87,
      "image_id": 24,
      "category_id": 1,
      "segmentation": [],
      "bbox": [
        132.74074074074076,
        93.03703703703702,
        250.66666666666669,
        31.40740740740742
      ],
      "ignore": 0,
      "iscrowd": 0,
      "area": 7872.7901234567935
    },
    {
      "id": 88,
      "image_id": 24,
      "category_id": 1,
      "segmentation": [],
      "bbox": [
        164.1481481481478,
        37.333333333333336,
        206.22222222222206,
        52.74074074074069
      ],
      "ignore": 0,
      "iscrowd": 0,
      "area": 10876.312757201627
    },
    {
      "id": 89,
      "image_id": 24,
      "category_id": 1,
      "segmentation": [],
      "bbox": [
        42.074074074074076,
        96.5925925925926,
        90.0740740740741,
        39.7037037037037
      ],
      "ignore": 0,
      "iscrowd": 0,
      "area": 3576.2743484224975
    },
    {
      "id": 90,
      "image_id": 25,
      "category_id": 1,
      "segmentation": [],
      "bbox": [
        27.259259259259256,
        314.0740740740741,
        197.92592592592595,
        61.62962962962967
      ],
      "ignore": 0,
      "iscrowd": 0,
      "area": 12198.101508916334
    },
    {
      "id": 91,
      "image_id": 26,
      "category_id": 0,
      "segmentation": [],
      "bbox": [
        43.25925925925921,
        317.03703703703707,
        237.0370370370369,
        52.740740740740655
      ],
      "ignore": 0,
      "iscrowd": 0,
      "area": 12501.508916323703
    },
    {
      "id": 92,
      "image_id": 26,
      "category_id": 0,
      "segmentation": [],
      "bbox": [
        142.8148148148148,
        230.5185185185185,
        104.29629629629629,
        39.70370370370369
      ],
      "ignore": 0,
      "iscrowd": 0,
      "area": 4140.949245541837
    },
    {
      "id": 93,
      "image_id": 26,
      "category_id": 0,
      "segmentation": [],
      "bbox": [
        100.14814814814814,
        276.74074074074076,
        155.85185185185188,
        33.77777777777774
      ],
      "ignore": 0,
      "iscrowd": 0,
      "area": 5264.329218106991
    },
    {
      "id": 94,
      "image_id": 26,
      "category_id": 0,
      "segmentation": [],
      "bbox": [
        284.44444444444446,
        331.8518518518519,
        64.59259259259261,
        23.111111111111118
      ],
      "ignore": 0,
      "iscrowd": 0,
      "area": 1492.8065843621407
    },
    {
      "id": 95,
      "image_id": 27,
      "category_id": 1,
      "segmentation": [],
      "bbox": [
        15.407407407407407,
        48.59259259259259,
        29.62962962962963,
        18.962962962962962
      ],
      "ignore": 0,
      "iscrowd": 0,
      "area": 561.8655692729767
    },
    {
      "id": 96,
      "image_id": 27,
      "category_id": 1,
      "segmentation": [],
      "bbox": [
        50.96296296296296,
        119.1111111111111,
        74.66666666666667,
        104.29629629629633
      ],
      "ignore": 0,
      "iscrowd": 0,
      "area": 7787.45679012346
    },
    {
      "id": 97,
      "image_id": 27,
      "category_id": 1,
      "segmentation": [],
      "bbox": [
        18.962962962962962,
        187.25925925925927,
        30.814814814814813,
        45.62962962962963
      ],
      "ignore": 0,
      "iscrowd": 0,
      "area": 1406.0685871056241
    },
    {
      "id": 98,
      "image_id": 27,
      "category_id": 1,
      "segmentation": [],
      "bbox": [
        97.18518518518518,
        66.37037037037037,
        95.99999999999999,
        52.148148148148145
      ],
      "ignore": 0,
      "iscrowd": 0,
      "area": 5006.222222222221
    },
    {
      "id": 99,
      "image_id": 27,
      "category_id": 1,
      "segmentation": [],
      "bbox": [
        147.55555555555557,
        45.03703703703704,
        37.33333333333332,
        15.407407407407417
      ],
      "ignore": 0,
      "iscrowd": 0,
      "area": 575.20987654321
    },
    {
      "id": 100,
      "image_id": 27,
      "category_id": 1,
      "segmentation": [],
      "bbox": [
        129.1851851851852,
        121.48148148148148,
        39.11111111111112,
        24.888888888888886
      ],
      "ignore": 0,
      "iscrowd": 0,
      "area": 973.4320987654322
    },
    {
      "id": 101,
      "image_id": 28,
      "category_id": 1,
      "segmentation": [],
      "bbox": [
        29.62962962962963,
        381.03703703703707,
        114.37037037037037,
        27.25925925925926
      ],
      "ignore": 0,
      "iscrowd": 0,
      "area": 3117.6515775034295
    },
    {
      "id": 102,
      "image_id": 28,
      "category_id": 1,
      "segmentation": [],
      "bbox": [
        251.25925925925927,
        387.55555555555554,
        106.66666666666669,
        20.148148148148174
      ],
      "ignore": 0,
      "iscrowd": 0,
      "area": 2149.135802469139
    },
    {
      "id": 103,
      "image_id": 29,
      "category_id": 1,
      "segmentation": [],
      "bbox": [
        107.25925925925925,
        247.70370370370372,
        285.6296296296296,
        119.70370370370371
      ],
      "ignore": 0,
      "iscrowd": 0,
      "area": 34190.92455418382
    },
    {
      "id": 104,
      "image_id": 30,
      "category_id": 1,
      "segmentation": [],
      "bbox": [
        89.48148148148148,
        64.0,
        132.74074074074076,
        65.18518518518519
      ],
      "ignore": 0,
      "iscrowd": 0,
      "area": 8652.729766803843
    },
    {
      "id": 105,
      "image_id": 30,
      "category_id": 1,
      "segmentation": [],
      "bbox": [
        146.37037037037035,
        140.44444444444446,
        16.592592592592602,
        171.85185185185185
      ],
      "ignore": 0,
      "iscrowd": 0,
      "area": 2851.467764060358
    },
    {
      "id": 106,
      "image_id": 30,
      "category_id": 1,
      "segmentation": [],
      "bbox": [
        94.22222222222223,
        279.1111111111111,
        27.25925925925925,
        66.37037037037035
      ],
      "ignore": 0,
      "iscrowd": 0,
      "area": 1809.2071330589838
    },
    {
      "id": 107,
      "image_id": 30,
      "category_id": 1,
      "segmentation": [],
      "bbox": [
        89.4814814814813,
        133.92592592592587,
        50.37037037037053,
        96.00000000000006
      ],
      "ignore": 0,
      "iscrowd": 0,
      "area": 4835.555555555574
    },
    {
      "id": 108,
      "image_id": 30,
      "category_id": 1,
      "segmentation": [],
      "bbox": [
        210.96296296296296,
        234.66666666666663,
        94.81481481481484,
        112.00000000000004
      ],
      "ignore": 0,
      "iscrowd": 0,
      "area": 10619.259259259266
    },
    {
      "id": 109,
      "image_id": 30,
      "category_id": 1,
      "segmentation": [],
      "bbox": [
        168.2962962962963,
        143.40740740740742,
        65.18518518518518,
        87.70370370370371
      ],
      "ignore": 0,
      "iscrowd": 0,
      "area": 5716.9821673525375
    },
    {
      "id": 110,
      "image_id": 30,
      "category_id": 1,
      "segmentation": [],
      "bbox": [
        225.18518518518522,
        121.48148148148148,
        102.51851851851852,
        46.81481481481484
      ],
      "ignore": 0,
      "iscrowd": 0,
      "area": 4799.38545953361
    },
    {
      "id": 111,
      "image_id": 30,
      "category_id": 1,
      "segmentation": [],
      "bbox": [
        236.44444444444443,
        170.66666666666663,
        90.6666666666667,
        63.40740740740741
      ],
      "ignore": 0,
      "iscrowd": 0,
      "area": 5748.93827160494
    },
    {
      "id": 112,
      "image_id": 30,
      "category_id": 1,
      "segmentation": [],
      "bbox": [
        222.8148148148148,
        64.5925925925926,
        63.99999999999998,
        17.18518518518518
      ],
      "ignore": 0,
      "iscrowd": 0,
      "area": 1099.851851851851
    },
    {
      "id": 113,
      "image_id": 30,
      "category_id": 1,
      "segmentation": [],
      "bbox": [
        227.55555555555557,
        86.51851851851852,
        98.9629629629629,
        29.629629629629616
      ],
      "ignore": 0,
      "iscrowd": 0,
      "area": 2932.235939643344
    },
    {
      "id": 114,
      "image_id": 30,
      "category_id": 1,
      "segmentation": [],
      "bbox": [
        303.99999999999994,
        74.07407407407408,
        24.888888888888918,
        13.037037037037043
      ],
      "ignore": 0,
      "iscrowd": 0,
      "area": 324.47736625514455
    },
    {
      "id": 115,
      "image_id": 30,
      "category_id": 1,
      "segmentation": [],
      "bbox": [
        308.14814814814815,
        282.66666666666674,
        19.555555555555575,
        32.592592592592545
      ],
      "ignore": 0,
      "iscrowd": 0,
      "area": 637.3662551440326
    },
    {
      "id": 116,
      "image_id": 30,
      "category_id": 1,
      "segmentation": [],
      "bbox": [
        90.07407407407408,
        235.85185185185182,
        51.55555555555555,
        40.296296296296326
      ],
      "ignore": 0,
      "iscrowd": 0,
      "area": 2077.4979423868326
    },
    {
      "id": 117,
      "image_id": 30,
      "category_id": 1,
      "segmentation": [],
      "bbox": [
        123.85185185185186,
        278.51851851851853,
        17.185185185185187,
        37.92592592592589
      ],
      "ignore": 0,
      "iscrowd": 0,
      "area": 651.7640603566524
    },
    {
      "id": 118,
      "image_id": 30,
      "category_id": 1,
      "segmentation": [],
      "bbox": [
        309.9259259259259,
        238.2222222222222,
        18.962962962962916,
        41.481481481481495
      ],
      "ignore": 0,
      "iscrowd": 0,
      "area": 786.6117969821656
    },
    {
      "id": 119,
      "image_id": 30,
      "category_id": 1,
      "segmentation": [],
      "bbox": [
        178.96296296296296,
        237.03703703703704,
        19.555555555555546,
        21.33333333333335
      ],
      "ignore": 0,
      "iscrowd": 0,
      "area": 417.18518518518533
    },
    {
      "id": 120,
      "image_id": 31,
      "category_id": 1,
      "segmentation": [],
      "bbox": [
        85.33333333333331,
        68.14814814814815,
        85.92592592592592,
        55.7037037037037
      ],
      "ignore": 0,
      "iscrowd": 0,
      "area": 4786.3923182441695
    },
    {
      "id": 121,
      "image_id": 31,
      "category_id": 0,
      "segmentation": [],
      "bbox": [
        147.55555555555557,
        130.96296296296296,
        113.18518518518516,
        170.6666666666667
      ],
      "ignore": 0,
      "iscrowd": 0,
      "area": 19316.93827160494
    },
    {
      "id": 122,
      "image_id": 31,
      "category_id": 1,
      "segmentation": [],
      "bbox": [
        85.92592592592592,
        256.0,
        59.25925925925927,
        76.44444444444447
      ],
      "ignore": 0,
      "iscrowd": 0,
      "area": 4530.041152263377
    },
    {
      "id": 123,
      "image_id": 31,
      "category_id": 1,
      "segmentation": [],
      "bbox": [
        263.1111111111111,
        305.7777777777778,
        27.85185185185189,
        27.8518518518518
      ],
      "ignore": 0,
      "iscrowd": 0,
      "area": 775.7256515775031
    },
    {
      "id": 124,
      "image_id": 31,
      "category_id": 1,
      "segmentation": [],
      "bbox": [
        263.1111111111111,
        132.74074074074073,
        65.77777777777779,
        168.88888888888894
      ],
      "ignore": 0,
      "iscrowd": 0,
      "area": 11109.13580246914
    },
    {
      "id": 125,
      "image_id": 31,
      "category_id": 1,
      "segmentation": [],
      "bbox": [
        86.51851851851852,
        128.0,
        50.370370370370345,
        93.03703703703707
      ],
      "ignore": 0,
      "iscrowd": 0,
      "area": 4686.310013717421
    },
    {
      "id": 126,
      "image_id": 31,
      "category_id": 1,
      "segmentation": [],
      "bbox": [
        177.1851851851852,
        67.55555555555554,
        154.66666666666669,
        61.03703703703704
      ],
      "ignore": 0,
      "iscrowd": 0,
      "area": 9440.395061728397
    },
    {
      "id": 127,
      "image_id": 32,
      "category_id": 1,
      "segmentation": [],
      "bbox": [
        88.88888888888889,
        68.14814814814815,
        98.96296296296298,
        56.88888888888889
      ],
      "ignore": 0,
      "iscrowd": 0,
      "area": 5629.893004115227
    },
    {
      "id": 128,
      "image_id": 33,
      "category_id": 1,
      "segmentation": [],
      "bbox": [
        94.22222222222223,
        60.44444444444445,
        223.99999999999997,
        205.62962962962968
      ],
      "ignore": 0,
      "iscrowd": 0,
      "area": 46061.037037037044
    },
    {
      "id": 129,
      "image_id": 34,
      "category_id": 1,
      "segmentation": [],
      "bbox": [
        95.4074074074074,
        66.96296296296296,
        215.1111111111111,
        190.22222222222223
      ],
      "ignore": 0,
      "iscrowd": 0,
      "area": 40918.91358024691
    },
    {
      "id": 130,
      "image_id": 35,
      "category_id": 1,
      "segmentation": [],
      "bbox": [
        89.48148148148148,
        64.5925925925926,
        151.1111111111111,
        237.03703703703707
      ],
      "ignore": 0,
      "iscrowd": 0,
      "area": 35818.93004115226
    },
    {
      "id": 131,
      "image_id": 36,
      "category_id": 1,
      "segmentation": [],
      "bbox": [
        93.03703703703702,
        147.55555555555557,
        178.3703703703704,
        184.2962962962963
      ],
      "ignore": 0,
      "iscrowd": 0,
      "area": 32872.9986282579
    },
    {
      "id": 132,
      "image_id": 36,
      "category_id": 1,
      "segmentation": [],
      "bbox": [
        90.07407407407408,
        65.77777777777777,
        74.66666666666667,
        80.59259259259258
      ],
      "ignore": 0,
      "iscrowd": 0,
      "area": 6017.58024691358
    },
    {
      "id": 133,
      "image_id": 37,
      "category_id": 1,
      "segmentation": [],
      "bbox": [
        126.81481481481482,
        64.0,
        42.07407407407406,
        215.7037037037037
      ],
      "ignore": 0,
      "iscrowd": 0,
      "area": 9075.533607681753
    },
    {
      "id": 134,
      "image_id": 37,
      "category_id": 1,
      "segmentation": [],
      "bbox": [
        183.1111111111111,
        64.0,
        31.407407407407405,
        283.85185185185185
      ],
      "ignore": 0,
      "iscrowd": 0,
      "area": 8915.050754458161
    },
    {
      "id": 135,
      "image_id": 38,
      "category_id": 1,
      "segmentation": [],
      "bbox": [
        88.88888888888889,
        152.2962962962963,
        232.2962962962963,
        194.96296296296296
      ],
      "ignore": 0,
      "iscrowd": 0,
      "area": 45289.17421124829
    },
    {
      "id": 136,
      "image_id": 38,
      "category_id": 1,
      "segmentation": [],
      "bbox": [
        90.66666666666669,
        70.51851851851852,
        88.8888888888889,
        78.22222222222224
      ],
      "ignore": 0,
      "iscrowd": 0,
      "area": 6953.086419753089
    },
    {
      "id": 137,
      "image_id": 39,
      "category_id": 1,
      "segmentation": [],
      "bbox": [
        295.70370370370364,
        71.11111111111111,
        32.000000000000064,
        46.222222222222214
      ],
      "ignore": 0,
      "iscrowd": 0,
      "area": 1479.1111111111138
    },
    {
      "id": 138,
      "image_id": 39,
      "category_id": 1,
      "segmentation": [],
      "bbox": [
        309.33333333333337,
        124.44444444444446,
        19.555555555555515,
        44.444444444444436
      ],
      "ignore": 0,
      "iscrowd": 0,
      "area": 869.1358024691339
    },
    {
      "id": 139,
      "image_id": 39,
      "category_id": 1,
      "segmentation": [],
      "bbox": [
        152.8888888888889,
        244.74074074074073,
        177.1851851851852,
        97.18518518518515
      ],
      "ignore": 0,
      "iscrowd": 0,
      "area": 17219.775034293547
    },
    {
      "id": 140,
      "image_id": 39,
      "category_id": 1,
      "segmentation": [],
      "bbox": [
        88.29629629629629,
        68.14814814814815,
        186.07407407407413,
        174.81481481481478
      ],
      "ignore": 0,
      "iscrowd": 0,
      "area": 32528.5048010974
    },
    {
      "id": 141,
      "image_id": 40,
      "category_id": 1,
      "segmentation": [],
      "bbox": [
        194.96296296296296,
        205.62962962962965,
        128.59259259259264,
        140.44444444444446
      ],
      "ignore": 0,
      "iscrowd": 0,
      "area": 18060.115226337457
    },
    {
      "id": 142,
      "image_id": 40,
      "category_id": 1,
      "segmentation": [],
      "bbox": [
        90.07407407407408,
        209.77777777777777,
        100.74074074074076,
        53.925925925925924
      ],
      "ignore": 0,
      "iscrowd": 0,
      "area": 5432.537722908094
    },
    {
      "id": 143,
      "image_id": 40,
      "category_id": 1,
      "segmentation": [],
      "bbox": [
        112.59259259259261,
        279.7037037037037,
        78.8148148148148,
        21.925925925925977
      ],
      "ignore": 0,
      "iscrowd": 0,
      "area": 1728.0877914952025
    },
    {
      "id": 144,
      "image_id": 40,
      "category_id": 1,
      "segmentation": [],
      "bbox": [
        118.51851851851852,
        311.7037037037037,
        76.44444444444446,
        34.37037037037041
      ],
      "ignore": 0,
      "iscrowd": 0,
      "area": 2627.4238683127605
    },
    {
      "id": 145,
      "image_id": 40,
      "category_id": 1,
      "segmentation": [],
      "bbox": [
        214.5185185185185,
        119.1111111111111,
        53.33333333333335,
        87.11111111111113
      ],
      "ignore": 0,
      "iscrowd": 0,
      "area": 4645.925925925928
    },
    {
      "id": 146,
      "image_id": 40,
      "category_id": 1,
      "segmentation": [],
      "bbox": [
        295.11111111111114,
        152.8888888888889,
        29.629629629629605,
        59.85185185185183
      ],
      "ignore": 0,
      "iscrowd": 0,
      "area": 1773.3882030178306
    },
    {
      "id": 147,
      "image_id": 40,
      "category_id": 1,
      "segmentation": [],
      "bbox": [
        90.66666666666669,
        63.40740740740741,
        122.66666666666664,
        141.03703703703704
      ],
      "ignore": 0,
      "iscrowd": 0,
      "area": 17300.54320987654
    }
  ],
  "info": {
    "year": 2025,
    "version": "1.0",
    "description": "",
    "contributor": "Label Studio",
    "url": "",
    "date_created": "2025-08-18 08:34:48.938728"
  }
}